,seed_route,total_score,dist_to_route_2,route_2_coords,route_2_id,seed_coords,time_to_route_2,total_trip_length,route_3_id,route_3_coords,dist_to_route_3,time_to_route_3,route_4_id,route_4_coords,dist_to_route_4,time_to_route_4,seed_route_score,route_2_score,route_3_score,route_4_score
0,105717322,12.747646541451736,78.50236743012664,"(38.0363, -109.5455)",105717400.0,"(38.6571, -109.3678)",2.581666666666667,2.581666666666667,,,,,,,,,4,2.787479874785069,,
1,105717322,14.561666847310647,23.817216995787096,"(38.6192, -109.618)",105718000.0,"(38.6571, -109.3678)",1.5794444444444444,1.5794444444444444,,,,,,,,,4,3.4990557361995345,,
2,105717322,13.465235167378859,31.816769607416706,"(38.4951, -109.6202)",105718300.0,"(38.6571, -109.3678)",1.9691666666666667,1.9691666666666667,,,,,,,,,4,2.8313185007121917,,
3,105717322,13.007207389601081,62.2124597661153,"(38.305, -109.866)",105718600.0,"(38.6571, -109.3678)",2.3855555555555554,2.3855555555555554,,,,,,,,,4,2.8313185007121917,,
4,105717322,13.184243973459543,84.5998980948712,"(38.0368, -109.5774)",105800700.0,"(38.6571, -109.3678)",2.855833333333333,2.855833333333333,,,,,,,,,4,3.525660640126208,,
5,105717322,13.703568500712192,27.866081747797235,"(38.5232, -109.6024)",105884200.0,"(38.6571, -109.3678)",1.7525,1.7525,,,,,,,,,4,2.8313185007121917,,
6,105717322,12.904376896196718,78.6291274684032,"(38.0398, -109.5436)",105886700.0,"(38.6571, -109.3678)",2.584722222222222,2.584722222222222,,,,,,,,,4,2.947571340641162,,
7,105717322,13.838313388762382,78.50236743012664,"(38.0363, -109.5455)",105717400.0,"(38.6571, -109.3678)",2.581666666666667,4.771111111111112,105718000.0,"(38.6192, -109.618)",62.078243254998945,2.1894444444444447,,,,,4,2.787479874785069,3.4990557361995345,
8,105717322,12.924603931052815,78.50236743012664,"(38.0363, -109.5455)",105717400.0,"(38.6571, -109.3678)",2.581666666666667,4.994722222222222,105718300.0,"(38.4951, -109.6202)",65.13477574657935,2.4130555555555553,,,,,4,2.787479874785069,2.8313185007121917,
9,105717322,12.283853931052814,78.50236743012664,"(38.0363, -109.5455)",105717400.0,"(38.6571, -109.3678)",2.581666666666667,5.577222222222223,105718600.0,"(38.305, -109.866)",100.47348602532716,2.9955555555555557,,,,,4,2.787479874785069,2.8313185007121917,
10,105717322,14.908368944317937,23.817216995787096,"(38.6192, -109.618)",105718000.0,"(38.6571, -109.3678)",1.5794444444444444,3.7983333333333333,105717400.0,"(38.0363, -109.5455)",62.076379136789,2.218888888888889,,,,,4,3.4990557361995345,2.787479874785069,
11,105717322,15.62595757024506,23.817216995787096,"(38.6192, -109.618)",105718000.0,"(38.6571, -109.3678)",1.5794444444444444,3.185833333333333,105718300.0,"(38.4951, -109.6202)",15.390781314079064,1.6063888888888889,,,,,4,3.4990557361995345,2.8313185007121917,
12,105717322,15.25684645913395,23.817216995787096,"(38.6192, -109.618)",105718000.0,"(38.6571, -109.3678)",1.5794444444444444,3.5213888888888887,105718600.0,"(38.305, -109.866)",41.619545900804056,1.9419444444444445,,,,,4,3.4990557361995345,2.8313185007121917,
13,105717322,13.559242819941705,31.816769607416706,"(38.4951, -109.6202)",105718300.0,"(38.6571, -109.3678)",1.9691666666666667,4.417777777777777,105717400.0,"(38.0363, -109.5455)",65.13477574657935,2.448611111111111,,,,,4,2.8313185007121917,2.787479874785069,
14,105717322,15.181068681356171,31.816769607416706,"(38.4951, -109.6202)",105718300.0,"(38.6571, -109.3678)",1.9691666666666667,3.5902777777777777,105718000.0,"(38.6192, -109.618)",15.392645432289013,1.621111111111111,,,,,4,2.8313185007121917,3.4990557361995345,
15,105717322,13.626609223646604,31.816769607416706,"(38.4951, -109.6202)",105718300.0,"(38.6571, -109.3678)",1.9691666666666667,4.39638888888889,105718600.0,"(38.305, -109.866)",53.787888202617225,2.4272222222222224,,,,,4,2.8313185007121917,2.8313185007121917,
16,105717322,12.46993726438615,62.2124597661153,"(38.305, -109.866)",105718600.0,"(38.6571, -109.3678)",2.3855555555555554,5.408055555555555,105717400.0,"(38.0363, -109.5455)",100.53997290814868,3.0225,,,,,4,2.8313185007121917,2.787479874785069,
17,105717322,14.36920757024506,62.2124597661153,"(38.305, -109.866)",105718600.0,"(38.6571, -109.3678)",2.3855555555555554,4.328333333333333,105718000.0,"(38.6192, -109.618)",41.705916711198384,1.9427777777777777,,,,,4,2.8313185007121917,3.4990557361995345,
18,105717322,13.187525890313271,62.2124597661153,"(38.305, -109.866)",105718600.0,"(38.6571, -109.3678)",2.3855555555555554,4.795555555555556,105718300.0,"(38.4951, -109.6202)",53.854375085438754,2.41,,,,,4,2.8313185007121917,2.8313185007121917,
19,105717322,14.568918292689055,84.5998980948712,"(38.0368, -109.5774)",105800700.0,"(38.6571, -109.3678)",2.855833333333333,4.13111111111111,105717400.0,"(38.0363, -109.5455)",6.097530664744554,1.2752777777777777,,,,,4,3.525660640126208,2.787479874785069,
20,105717322,13.972410820770188,84.5998980948712,"(38.0368, -109.5774)",105800700.0,"(38.6571, -109.3678)",2.855833333333333,5.320277777777777,105718000.0,"(38.6192, -109.618)",68.1757739197435,2.464444444444444,,,,,4,3.525660640126208,3.4990557361995345,
21,105717322,13.058395807505066,84.5998980948712,"(38.0368, -109.5774)",105800700.0,"(38.6571, -109.3678)",2.855833333333333,5.5441666666666665,105718300.0,"(38.4951, -109.6202)",71.2323064113239,2.6883333333333335,,,,,4,3.525660640126208,2.8313185007121917,
22,105717322,12.417951363060624,84.5998980948712,"(38.0368, -109.5774)",105800700.0,"(38.6571, -109.3678)",2.855833333333333,6.126388888888888,105718600.0,"(38.305, -109.866)",106.57101669007172,3.2705555555555557,,,,,4,3.525660640126208,2.8313185007121917,
23,105717322,14.03865948660837,27.866081747797235,"(38.5232, -109.6024)",105884200.0,"(38.6571, -109.3678)",1.7525,3.9819444444444443,105717400.0,"(38.0363, -109.5455)",61.18408788695987,2.2294444444444443,,,,,4,2.8313185007121917,2.787479874785069,
24,105717322,15.660485348022839,27.866081747797235,"(38.5232, -109.6024)",105884200.0,"(38.6571, -109.3678)",1.7525,3.1544444444444446,105718000.0,"(38.6192, -109.618)",11.441957572669542,1.4019444444444444,,,,,4,2.8313185007121917,3.4990557361995345,
25,105717322,15.196553668091049,27.866081747797235,"(38.5232, -109.6024)",105884200.0,"(38.6571, -109.3678)",1.7525,2.9691666666666667,105718300.0,"(38.4951, -109.6202)",3.9506878596194714,1.2166666666666668,,,,,4,2.8313185007121917,2.8313185007121917,
26,105717322,14.106025890313273,27.866081747797235,"(38.5232, -109.6024)",105884200.0,"(38.6571, -109.3678)",1.7525,3.9605555555555556,105718600.0,"(38.305, -109.866)",49.837200342997754,2.2080555555555557,,,,,4,2.8313185007121917,2.8313185007121917,
27,105717322,14.588495659870675,78.6291274684032,"(38.0398, -109.5436)",105886700.0,"(38.6571, -109.3678)",2.584722222222222,3.5877777777777777,105717400.0,"(38.0363, -109.5455)",0.12676003827656057,1.0030555555555556,,,,,4,2.947571340641162,2.787479874785069,
28,105717322,13.991682632396252,78.6291274684032,"(38.0398, -109.5436)",105886700.0,"(38.6571, -109.3678)",2.584722222222222,4.777222222222222,105718000.0,"(38.6192, -109.618)",62.20500329327551,2.1925,,,,,4,2.947571340641162,3.4990557361995345,
29,105717322,13.077973174686687,78.6291274684032,"(38.0398, -109.5436)",105886700.0,"(38.6571, -109.3678)",2.584722222222222,5.0008333333333335,105718300.0,"(38.4951, -109.6202)",65.26153578485591,2.4161111111111113,,,,,4,2.947571340641162,2.8313185007121917,
30,105717322,12.437223174686686,78.6291274684032,"(38.0398, -109.5436)",105886700.0,"(38.6571, -109.3678)",2.584722222222222,5.583333333333333,105718600.0,"(38.305, -109.866)",100.60024606360372,2.998611111111111,,,,,4,2.947571340641162,2.8313185007121917,
31,105717322,11.397535610984605,78.50236743012664,"(38.0363, -109.5455)",105717400.0,"(38.6571, -109.3678)",2.581666666666667,6.99,105718000.0,"(38.6192, -109.618)",62.078243254998945,2.1894444444444447,105717400.0,"(38.0363, -109.5455)",62.076379136789,2.218888888888889,4,2.787479874785069,3.4990557361995345,2.787479874785069
32,105717322,12.071285610984603,78.50236743012664,"(38.0363, -109.5455)",105717400.0,"(38.6571, -109.3678)",2.581666666666667,6.3775,105718000.0,"(38.6192, -109.618)",62.078243254998945,2.1894444444444447,105718300.0,"(38.4951, -109.6202)",15.390781314079064,1.6063888888888889,4,2.787479874785069,3.4990557361995345,2.8313185007121917
33,105717322,11.702174499873493,78.50236743012664,"(38.0363, -109.5455)",105717400.0,"(38.6571, -109.3678)",2.581666666666667,6.713055555555556,105718000.0,"(38.6192, -109.618)",62.078243254998945,2.1894444444444447,105718600.0,"(38.305, -109.866)",41.619545900804056,1.9419444444444445,4,2.787479874785069,3.4990557361995345,2.8313185007121917
34,105717322,10.231131708830594,78.50236743012664,"(38.0363, -109.5455)",105717400.0,"(38.6571, -109.3678)",2.581666666666667,7.443333333333333,105718300.0,"(38.4951, -109.6202)",65.13477574657935,2.4130555555555553,105717400.0,"(38.0363, -109.5455)",65.13477574657935,2.448611111111111,4,2.787479874785069,2.8313185007121917,2.787479874785069
35,105717322,11.141381708830593,78.50236743012664,"(38.0363, -109.5455)",105717400.0,"(38.6571, -109.3678)",2.581666666666667,6.615833333333333,105718300.0,"(38.4951, -109.6202)",65.13477574657935,2.4130555555555553,105718000.0,"(38.6192, -109.618)",15.392645432289013,1.621111111111111,4,2.787479874785069,2.8313185007121917,3.4990557361995345
36,105717322,10.254659486608372,78.50236743012664,"(38.0363, -109.5455)",105717400.0,"(38.6571, -109.3678)",2.581666666666667,7.421944444444445,105718300.0,"(38.4951, -109.6202)",65.13477574657935,2.4130555555555553,105718600.0,"(38.305, -109.866)",53.787888202617225,2.4272222222222224,4,2.787479874785069,2.8313185007121917,2.8313185007121917
37,105717322,10.146798375497259,78.50236743012664,"(38.0363, -109.5455)",105717400.0,"(38.6571, -109.3678)",2.581666666666667,7.5200000000000005,105718600.0,"(38.305, -109.866)",100.47348602532716,2.9955555555555557,105718000.0,"(38.6192, -109.618)",41.705916711198384,1.9427777777777777,4,2.787479874785069,2.8313185007121917,3.4990557361995345
38,105717322,9.632853931052814,78.50236743012664,"(38.0363, -109.5455)",105717400.0,"(38.6571, -109.3678)",2.581666666666667,7.987222222222223,105718600.0,"(38.305, -109.866)",100.47348602532716,2.9955555555555557,105718300.0,"(38.4951, -109.6202)",53.854375085438754,2.41,4,2.787479874785069,2.8313185007121917,2.8313185007121917
39,105717322,12.499980055429049,23.817216995787096,"(38.6192, -109.618)",105718000.0,"(38.6571, -109.3678)",1.5794444444444444,5.987777777777778,105717400.0,"(38.0363, -109.5455)",62.076379136789,2.218888888888889,105718000.0,"(38.6192, -109.618)",62.078243254998945,2.1894444444444447,4,3.4990557361995345,2.787479874785069,3.4990557361995345
40,105717322,12.254007833206826,23.817216995787096,"(38.6192, -109.618)",105718000.0,"(38.6571, -109.3678)",1.5794444444444444,6.211388888888889,105717400.0,"(38.0363, -109.5455)",62.076379136789,2.218888888888889,105718300.0,"(38.4951, -109.6202)",65.13477574657935,2.4130555555555553,4,3.4990557361995345,2.787479874785069,2.8313185007121917
41,105717322,11.613257833206827,23.817216995787096,"(38.6192, -109.618)",105718000.0,"(38.6571, -109.3678)",1.5794444444444444,6.793888888888889,105717400.0,"(38.0363, -109.5455)",62.076379136789,2.218888888888889,105718600.0,"(38.305, -109.866)",100.47348602532716,2.9955555555555557,4,3.4990557361995345,2.787479874785069,2.8313185007121917
42,105717322,12.932485348022839,23.817216995787096,"(38.6192, -109.618)",105718000.0,"(38.6571, -109.3678)",1.5794444444444444,5.634444444444444,105718300.0,"(38.4951, -109.6202)",15.390781314079064,1.6063888888888889,105717400.0,"(38.0363, -109.5455)",65.13477574657935,2.448611111111111,4,3.4990557361995345,2.8313185007121917,2.787479874785069
43,105717322,13.842735348022838,23.817216995787096,"(38.6192, -109.618)",105718000.0,"(38.6571, -109.3678)",1.5794444444444444,4.806944444444444,105718300.0,"(38.4951, -109.6202)",15.390781314079064,1.6063888888888889,105718000.0,"(38.6192, -109.618)",15.392645432289013,1.621111111111111,4,3.4990557361995345,2.8313185007121917,3.4990557361995345
44,105717322,12.956013125800617,23.817216995787096,"(38.6192, -109.618)",105718000.0,"(38.6571, -109.3678)",1.5794444444444444,5.6130555555555555,105718300.0,"(38.4951, -109.6202)",15.390781314079064,1.6063888888888889,105718600.0,"(38.305, -109.866)",53.787888202617225,2.4272222222222224,4,3.4990557361995345,2.8313185007121917,2.8313185007121917
45,105717322,11.93209645913395,23.817216995787096,"(38.6192, -109.618)",105718000.0,"(38.6571, -109.3678)",1.5794444444444444,6.543888888888889,105718600.0,"(38.305, -109.866)",41.619545900804056,1.9419444444444445,105717400.0,"(38.0363, -109.5455)",100.53997290814868,3.0225,4,3.4990557361995345,2.8313185007121917,2.787479874785069
46,105717322,13.119790903578394,23.817216995787096,"(38.6192, -109.618)",105718000.0,"(38.6571, -109.3678)",1.5794444444444444,5.464166666666666,105718600.0,"(38.305, -109.866)",41.619545900804056,1.9419444444444445,105718000.0,"(38.6192, -109.618)",41.705916711198384,1.9427777777777777,4,3.4990557361995345,2.8313185007121917,3.4990557361995345
47,105717322,12.60584645913395,23.817216995787096,"(38.6192, -109.618)",105718000.0,"(38.6571, -109.3678)",1.5794444444444444,5.931388888888889,105718600.0,"(38.305, -109.866)",41.619545900804056,1.9419444444444445,105718300.0,"(38.4951, -109.6202)",53.854375085438754,2.41,4,3.4990557361995345,2.8313185007121917,2.8313185007121917
48,105717322,11.150853931052815,31.816769607416706,"(38.4951, -109.6202)",105718300.0,"(38.6571, -109.3678)",1.9691666666666667,6.607222222222222,105717400.0,"(38.0363, -109.5455)",65.13477574657935,2.448611111111111,105718000.0,"(38.6192, -109.618)",62.078243254998945,2.1894444444444447,4,2.8313185007121917,2.787479874785069,3.4990557361995345
49,105717322,10.904881708830594,31.816769607416706,"(38.4951, -109.6202)",105718300.0,"(38.6571, -109.3678)",1.9691666666666667,6.830833333333333,105717400.0,"(38.0363, -109.5455)",65.13477574657935,2.448611111111111,105718300.0,"(38.4951, -109.6202)",65.13477574657935,2.4130555555555553,4,2.8313185007121917,2.787479874785069,2.8313185007121917
50,105717322,10.264131708830593,31.816769607416706,"(38.4951, -109.6202)",105718300.0,"(38.6571, -109.3678)",1.9691666666666667,7.413333333333333,105717400.0,"(38.0363, -109.5455)",65.13477574657935,2.448611111111111,105718600.0,"(38.305, -109.866)",100.47348602532716,2.9955555555555557,4,2.8313185007121917,2.787479874785069,2.8313185007121917
51,105717322,12.740290903578394,31.816769607416706,"(38.4951, -109.6202)",105718300.0,"(38.6571, -109.3678)",1.9691666666666667,5.809166666666666,105718000.0,"(38.6192, -109.618)",15.392645432289013,1.621111111111111,105717400.0,"(38.0363, -109.5455)",62.076379136789,2.218888888888889,4,2.8313185007121917,3.4990557361995345,2.787479874785069
52,105717322,13.414040903578394,31.816769607416706,"(38.4951, -109.6202)",105718300.0,"(38.6571, -109.3678)",1.9691666666666667,5.196666666666666,105718000.0,"(38.6192, -109.618)",15.392645432289013,1.621111111111111,105718300.0,"(38.4951, -109.6202)",15.390781314079064,1.6063888888888889,4,2.8313185007121917,3.4990557361995345,2.8313185007121917
53,105717322,13.044929792467283,31.816769607416706,"(38.4951, -109.6202)",105718300.0,"(38.6571, -109.3678)",1.9691666666666667,5.532222222222222,105718000.0,"(38.6192, -109.618)",15.392645432289013,1.621111111111111,105718600.0,"(38.305, -109.866)",41.619545900804056,1.9419444444444445,4,2.8313185007121917,3.4990557361995345,2.8313185007121917
54,105717322,10.301859223646604,31.816769607416706,"(38.4951, -109.6202)",105718300.0,"(38.6571, -109.3678)",1.9691666666666667,7.4188888888888895,105718600.0,"(38.305, -109.866)",53.787888202617225,2.4272222222222224,105717400.0,"(38.0363, -109.5455)",100.53997290814868,3.0225,4,2.8313185007121917,2.8313185007121917,2.787479874785069
55,105717322,11.489553668091048,31.816769607416706,"(38.4951, -109.6202)",105718300.0,"(38.6571, -109.3678)",1.9691666666666667,6.339166666666667,105718600.0,"(38.305, -109.866)",53.787888202617225,2.4272222222222224,105718000.0,"(38.6192, -109.618)",41.705916711198384,1.9427777777777777,4,2.8313185007121917,2.8313185007121917,3.4990557361995345
56,105717322,10.975609223646604,31.816769607416706,"(38.4951, -109.6202)",105718300.0,"(38.6571, -109.3678)",1.9691666666666667,6.80638888888889,105718600.0,"(38.305, -109.866)",53.787888202617225,2.4272222222222224,105718300.0,"(38.4951, -109.6202)",53.854375085438754,2.41,4,2.8313185007121917,2.8313185007121917,2.8313185007121917
57,105717322,10.06154837549726,62.2124597661153,"(38.305, -109.866)",105718600.0,"(38.6571, -109.3678)",2.3855555555555554,7.5975,105717400.0,"(38.0363, -109.5455)",100.53997290814868,3.0225,105718000.0,"(38.6192, -109.618)",62.078243254998945,2.1894444444444447,4,2.8313185007121917,2.787479874785069,3.4990557361995345
58,105717322,9.815576153275039,62.2124597661153,"(38.305, -109.866)",105718600.0,"(38.6571, -109.3678)",2.3855555555555554,7.821111111111111,105717400.0,"(38.0363, -109.5455)",100.53997290814868,3.0225,105718300.0,"(38.4951, -109.6202)",65.13477574657935,2.4130555555555553,4,2.8313185007121917,2.787479874785069,2.8313185007121917
59,105717322,11.928429792467282,62.2124597661153,"(38.305, -109.866)",105718600.0,"(38.6571, -109.3678)",2.3855555555555554,6.5472222222222225,105718000.0,"(38.6192, -109.618)",41.705916711198384,1.9427777777777777,105717400.0,"(38.0363, -109.5455)",62.076379136789,2.218888888888889,4,2.8313185007121917,3.4990557361995345,2.787479874785069
60,105717322,12.602179792467282,62.2124597661153,"(38.305, -109.866)",105718600.0,"(38.6571, -109.3678)",2.3855555555555554,5.934722222222222,105718000.0,"(38.6192, -109.618)",41.705916711198384,1.9427777777777777,105718300.0,"(38.4951, -109.6202)",15.390781314079064,1.6063888888888889,4,2.8313185007121917,3.4990557361995345,2.8313185007121917
61,105717322,12.23306868135617,62.2124597661153,"(38.305, -109.866)",105718600.0,"(38.6571, -109.3678)",2.3855555555555554,6.270277777777777,105718000.0,"(38.6192, -109.618)",41.705916711198384,1.9427777777777777,105718600.0,"(38.305, -109.866)",41.619545900804056,1.9419444444444445,4,2.8313185007121917,3.4990557361995345,2.8313185007121917
62,105717322,10.49405366809105,62.2124597661153,"(38.305, -109.866)",105718600.0,"(38.6571, -109.3678)",2.3855555555555554,7.244166666666667,105718300.0,"(38.4951, -109.6202)",53.854375085438754,2.41,105717400.0,"(38.0363, -109.5455)",65.13477574657935,2.448611111111111,4,2.8313185007121917,2.8313185007121917,2.787479874785069
63,105717322,11.40430366809105,62.2124597661153,"(38.305, -109.866)",105718600.0,"(38.6571, -109.3678)",2.3855555555555554,6.416666666666666,105718300.0,"(38.4951, -109.6202)",53.854375085438754,2.41,105718000.0,"(38.6192, -109.618)",15.392645432289013,1.621111111111111,4,2.8313185007121917,2.8313185007121917,3.4990557361995345
64,105717322,10.517581445868826,62.2124597661153,"(38.305, -109.866)",105718600.0,"(38.6571, -109.3678)",2.3855555555555554,7.222777777777778,105718300.0,"(38.4951, -109.6202)",53.854375085438754,2.41,105718600.0,"(38.305, -109.866)",53.787888202617225,2.4272222222222224,4,2.8313185007121917,2.8313185007121917,2.8313185007121917
65,105717322,12.160529403800167,84.5998980948712,"(38.0368, -109.5774)",105800700.0,"(38.6571, -109.3678)",2.855833333333333,6.320555555555555,105717400.0,"(38.0363, -109.5455)",6.097530664744554,1.2752777777777777,105718000.0,"(38.6192, -109.618)",62.078243254998945,2.1894444444444447,4,3.525660640126208,2.787479874785069,3.4990557361995345
66,105717322,11.914557181577944,84.5998980948712,"(38.0368, -109.5774)",105800700.0,"(38.6571, -109.3678)",2.855833333333333,6.544166666666666,105717400.0,"(38.0363, -109.5455)",6.097530664744554,1.2752777777777777,105718300.0,"(38.4951, -109.6202)",65.13477574657935,2.4130555555555553,4,3.525660640126208,2.787479874785069,2.8313185007121917
67,105717322,11.273807181577943,84.5998980948712,"(38.0368, -109.5774)",105800700.0,"(38.6571, -109.3678)",2.855833333333333,7.126666666666666,105717400.0,"(38.0363, -109.5455)",6.097530664744554,1.2752777777777777,105718600.0,"(38.305, -109.866)",100.47348602532716,2.9955555555555557,4,3.525660640126208,2.787479874785069,2.8313185007121917
68,105717322,11.531633042992409,84.5998980948712,"(38.0368, -109.5774)",105800700.0,"(38.6571, -109.3678)",2.855833333333333,7.539166666666667,105718000.0,"(38.6192, -109.618)",68.1757739197435,2.464444444444444,105717400.0,"(38.0363, -109.5455)",62.076379136789,2.218888888888889,4,3.525660640126208,3.4990557361995345,2.787479874785069
69,105717322,12.205383042992409,84.5998980948712,"(38.0368, -109.5774)",105800700.0,"(38.6571, -109.3678)",2.855833333333333,6.926666666666666,105718000.0,"(38.6192, -109.618)",68.1757739197435,2.464444444444444,105718300.0,"(38.4951, -109.6202)",15.390781314079064,1.6063888888888889,4,3.525660640126208,3.4990557361995345,2.8313185007121917
70,105717322,11.8362719318813,84.5998980948712,"(38.0368, -109.5774)",105800700.0,"(38.6571, -109.3678)",2.855833333333333,7.2622222222222215,105718000.0,"(38.6192, -109.618)",68.1757739197435,2.464444444444444,105718600.0,"(38.305, -109.866)",41.619545900804056,1.9419444444444445,4,3.525660640126208,3.4990557361995345,2.8313185007121917
71,105717322,10.364923585282844,84.5998980948712,"(38.0368, -109.5774)",105800700.0,"(38.6571, -109.3678)",2.855833333333333,7.9927777777777775,105718300.0,"(38.4951, -109.6202)",71.2323064113239,2.6883333333333335,105717400.0,"(38.0363, -109.5455)",65.13477574657935,2.448611111111111,4,3.525660640126208,2.8313185007121917,2.787479874785069
72,105717322,11.275173585282843,84.5998980948712,"(38.0368, -109.5774)",105800700.0,"(38.6571, -109.3678)",2.855833333333333,7.165277777777778,105718300.0,"(38.4951, -109.6202)",71.2323064113239,2.6883333333333335,105718000.0,"(38.6192, -109.618)",15.392645432289013,1.621111111111111,4,3.525660640126208,2.8313185007121917,3.4990557361995345
73,105717322,10.388451363060621,84.5998980948712,"(38.0368, -109.5774)",105800700.0,"(38.6571, -109.3678)",2.855833333333333,7.971388888888889,105718300.0,"(38.4951, -109.6202)",71.2323064113239,2.6883333333333335,105718600.0,"(38.305, -109.866)",53.787888202617225,2.4272222222222224,4,3.525660640126208,2.8313185007121917,2.8313185007121917
74,105717322,11.630270597719482,27.866081747797235,"(38.5232, -109.6024)",105884200.0,"(38.6571, -109.3678)",1.7525,6.171388888888889,105717400.0,"(38.0363, -109.5455)",61.18408788695987,2.2294444444444443,105718000.0,"(38.6192, -109.618)",62.078243254998945,2.1894444444444447,4,2.8313185007121917,2.787479874785069,3.4990557361995345
75,105717322,11.384298375497261,27.866081747797235,"(38.5232, -109.6024)",105884200.0,"(38.6571, -109.3678)",1.7525,6.395,105717400.0,"(38.0363, -109.5455)",61.18408788695987,2.2294444444444443,105718300.0,"(38.4951, -109.6202)",65.13477574657935,2.4130555555555553,4,2.8313185007121917,2.787479874785069,2.8313185007121917
76,105717322,10.74354837549726,27.866081747797235,"(38.5232, -109.6024)",105884200.0,"(38.6571, -109.3678)",1.7525,6.9775,105717400.0,"(38.0363, -109.5455)",61.18408788695987,2.2294444444444443,105718600.0,"(38.305, -109.866)",100.47348602532716,2.9955555555555557,4,2.8313185007121917,2.787479874785069,2.8313185007121917
77,105717322,13.21970757024506,27.866081747797235,"(38.5232, -109.6024)",105884200.0,"(38.6571, -109.3678)",1.7525,5.373333333333333,105718000.0,"(38.6192, -109.618)",11.441957572669542,1.4019444444444444,105717400.0,"(38.0363, -109.5455)",62.076379136789,2.218888888888889,4,2.8313185007121917,3.4990557361995345,2.787479874785069
78,105717322,13.89345757024506,27.866081747797235,"(38.5232, -109.6024)",105884200.0,"(38.6571, -109.3678)",1.7525,4.760833333333333,105718000.0,"(38.6192, -109.618)",11.441957572669542,1.4019444444444444,105718300.0,"(38.4951, -109.6202)",15.390781314079064,1.6063888888888889,4,2.8313185007121917,3.4990557361995345,2.8313185007121917
79,105717322,13.524346459133948,27.866081747797235,"(38.5232, -109.6024)",105884200.0,"(38.6571, -109.3678)",1.7525,5.096388888888889,105718000.0,"(38.6192, -109.618)",11.441957572669542,1.4019444444444444,105718600.0,"(38.305, -109.866)",41.619545900804056,1.9419444444444445,4,2.8313185007121917,3.4990557361995345,2.8313185007121917
80,105717322,12.503081445868828,27.866081747797235,"(38.5232, -109.6024)",105884200.0,"(38.6571, -109.3678)",1.7525,5.417777777777777,105718300.0,"(38.4951, -109.6202)",3.9506878596194714,1.2166666666666668,105717400.0,"(38.0363, -109.5455)",65.13477574657935,2.448611111111111,4,2.8313185007121917,2.8313185007121917,2.787479874785069
81,105717322,13.413331445868828,27.866081747797235,"(38.5232, -109.6024)",105884200.0,"(38.6571, -109.3678)",1.7525,4.590277777777778,105718300.0,"(38.4951, -109.6202)",3.9506878596194714,1.2166666666666668,105718000.0,"(38.6192, -109.618)",15.392645432289013,1.621111111111111,4,2.8313185007121917,2.8313185007121917,3.4990557361995345
82,105717322,12.526609223646604,27.866081747797235,"(38.5232, -109.6024)",105884200.0,"(38.6571, -109.3678)",1.7525,5.39638888888889,105718300.0,"(38.4951, -109.6202)",3.9506878596194714,1.2166666666666668,105718600.0,"(38.305, -109.866)",53.787888202617225,2.4272222222222224,4,2.8313185007121917,2.8313185007121917,2.8313185007121917
83,105717322,10.781275890313271,27.866081747797235,"(38.5232, -109.6024)",105884200.0,"(38.6571, -109.3678)",1.7525,6.983055555555556,105718600.0,"(38.305, -109.866)",49.837200342997754,2.2080555555555557,105717400.0,"(38.0363, -109.5455)",100.53997290814868,3.0225,4,2.8313185007121917,2.8313185007121917,2.787479874785069
84,105717322,11.968970334757715,27.866081747797235,"(38.5232, -109.6024)",105884200.0,"(38.6571, -109.3678)",1.7525,5.903333333333333,105718600.0,"(38.305, -109.866)",49.837200342997754,2.2080555555555557,105718000.0,"(38.6192, -109.618)",41.705916711198384,1.9427777777777777,4,2.8313185007121917,2.8313185007121917,3.4990557361995345
85,105717322,11.455025890313271,27.866081747797235,"(38.5232, -109.6024)",105884200.0,"(38.6571, -109.3678)",1.7525,6.370555555555556,105718600.0,"(38.305, -109.866)",49.837200342997754,2.2080555555555557,105718300.0,"(38.4951, -109.6202)",53.854375085438754,2.41,4,2.8313185007121917,2.8313185007121917,2.8313185007121917
86,105717322,12.180106770981785,78.6291274684032,"(38.0398, -109.5436)",105886700.0,"(38.6571, -109.3678)",2.584722222222222,5.777222222222223,105717400.0,"(38.0363, -109.5455)",0.12676003827656057,1.0030555555555556,105718000.0,"(38.6192, -109.618)",62.078243254998945,2.1894444444444447,4,2.947571340641162,2.787479874785069,3.4990557361995345
87,105717322,11.934134548759564,78.6291274684032,"(38.0398, -109.5436)",105886700.0,"(38.6571, -109.3678)",2.584722222222222,6.000833333333333,105717400.0,"(38.0363, -109.5455)",0.12676003827656057,1.0030555555555556,105718300.0,"(38.4951, -109.6202)",65.13477574657935,2.4130555555555553,4,2.947571340641162,2.787479874785069,2.8313185007121917
88,105717322,11.293384548759564,78.6291274684032,"(38.0398, -109.5436)",105886700.0,"(38.6571, -109.3678)",2.584722222222222,6.583333333333334,105717400.0,"(38.0363, -109.5455)",0.12676003827656057,1.0030555555555556,105718600.0,"(38.305, -109.866)",100.47348602532716,2.9955555555555557,4,2.947571340641162,2.787479874785069,2.8313185007121917
89,105717322,11.550904854618473,78.6291274684032,"(38.0398, -109.5436)",105886700.0,"(38.6571, -109.3678)",2.584722222222222,6.9961111111111105,105718000.0,"(38.6192, -109.618)",62.20500329327551,2.1925,105717400.0,"(38.0363, -109.5455)",62.076379136789,2.218888888888889,4,2.947571340641162,3.4990557361995345,2.787479874785069
90,105717322,12.224654854618473,78.6291274684032,"(38.0398, -109.5436)",105886700.0,"(38.6571, -109.3678)",2.584722222222222,6.383611111111111,105718000.0,"(38.6192, -109.618)",62.20500329327551,2.1925,105718300.0,"(38.4951, -109.6202)",15.390781314079064,1.6063888888888889,4,2.947571340641162,3.4990557361995345,2.8313185007121917
91,105717322,11.855543743507361,78.6291274684032,"(38.0398, -109.5436)",105886700.0,"(38.6571, -109.3678)",2.584722222222222,6.719166666666666,105718000.0,"(38.6192, -109.618)",62.20500329327551,2.1925,105718600.0,"(38.305, -109.866)",41.619545900804056,1.9419444444444445,4,2.947571340641162,3.4990557361995345,2.8313185007121917
92,105717322,10.384500952464464,78.6291274684032,"(38.0398, -109.5436)",105886700.0,"(38.6571, -109.3678)",2.584722222222222,7.4494444444444445,105718300.0,"(38.4951, -109.6202)",65.26153578485591,2.4161111111111113,105717400.0,"(38.0363, -109.5455)",65.13477574657935,2.448611111111111,4,2.947571340641162,2.8313185007121917,2.787479874785069
93,105717322,11.294750952464463,78.6291274684032,"(38.0398, -109.5436)",105886700.0,"(38.6571, -109.3678)",2.584722222222222,6.621944444444445,105718300.0,"(38.4951, -109.6202)",65.26153578485591,2.4161111111111113,105718000.0,"(38.6192, -109.618)",15.392645432289013,1.621111111111111,4,2.947571340641162,2.8313185007121917,3.4990557361995345
94,105717322,10.408028730242242,78.6291274684032,"(38.0398, -109.5436)",105886700.0,"(38.6571, -109.3678)",2.584722222222222,7.428055555555556,105718300.0,"(38.4951, -109.6202)",65.26153578485591,2.4161111111111113,105718600.0,"(38.305, -109.866)",53.787888202617225,2.4272222222222224,4,2.947571340641162,2.8313185007121917,2.8313185007121917
95,105717322,10.30016761913113,78.6291274684032,"(38.0398, -109.5436)",105886700.0,"(38.6571, -109.3678)",2.584722222222222,7.526111111111111,105718600.0,"(38.305, -109.866)",100.60024606360372,2.998611111111111,105718000.0,"(38.6192, -109.618)",41.705916711198384,1.9427777777777777,4,2.947571340641162,2.8313185007121917,3.4990557361995345
96,105717322,9.786223174686686,78.6291274684032,"(38.0398, -109.5436)",105886700.0,"(38.6571, -109.3678)",2.584722222222222,7.993333333333333,105718600.0,"(38.305, -109.866)",100.60024606360372,2.998611111111111,105718300.0,"(38.4951, -109.6202)",53.854375085438754,2.41,4,2.947571340641162,2.8313185007121917,2.8313185007121917
